pred_loss,adv_loss
1.39738071,0.250486434
1.379988909,0.305077314
1.403994083,0.228410423
1.358128548,0.348638803
1.414589524,0.22608918
1.343405366,0.204668447
1.317365885,0.285513312
1.347102165,0.289930701
1.344773293,0.218490124
1.329934239,0.304249644
1.37673676,0.342620611
1.338802576,0.29447633
1.375138283,0.282618254
1.383728981,0.245849133
1.334252715,0.233351007
1.339601755,0.309639007
1.26527977,0.291459322
1.311632156,0.239859015
1.291159749,0.29539752
1.326864958,0.263761014
1.23304677,0.306308836
1.220344543,0.294574857
1.214432836,0.287321329
1.283714414,0.36997664
1.348956108,0.295162797
1.317060232,0.280924082
1.230318069,0.21332334
1.330253959,0.356219381
1.264796972,0.238592863
1.227963328,0.268148035
1.178237557,0.247907951
1.162481189,0.362693936
1.255797505,0.278241575
1.207666397,0.329267889
1.242830038,0.331893265
1.211917043,0.343653262
1.27959156,0.283765107
1.169043779,0.317970455
1.175478935,0.22736153
1.120580673,0.336856067
1.275336623,0.406339437
1.210159779,0.309015214
0.998188078,0.23138909
1.248256683,0.321109533
1.122865796,0.221480221
1.264512777,0.408387542
1.219605327,0.345378071
1.241983294,0.227116555
1.252997756,0.210488722
1.070459843,0.276364863
1.134392738,0.286463857
1.234015942,0.286150008
1.03976202,0.197500259
1.070797086,0.361564547
1.118544459,0.295165747
1.238959193,0.338636488
1.144407034,0.283909798
1.204505205,0.399829537
1.083919048,0.292363137
1.095422506,0.266916901
1.069792509,0.273099512
1.16576457,0.355237663
1.11753118,0.372647732
1.114590049,0.380428791
1.090694785,0.300374448
0.982465744,0.286704659
0.900446296,0.280136764
0.861986876,0.304447949
0.984626234,0.381481767
1.083211303,0.341212094
0.902039886,0.425726563
0.7687639,0.310872346
0.928888917,0.379843533
1.141898394,0.303699344
1.091420174,0.436331332
1.493955612,0.361591429
0.993029833,0.468651086
1.162502766,0.310199589
1.113024235,0.371840715
0.919645667,0.25065434
0.854658842,0.254906535
0.936830699,0.222581387
1.152978897,0.282393605
0.888407707,0.455823004
1.329884291,0.273987055
0.993112564,0.283753663
0.845780015,0.364399642
1.132493734,0.277515858
1.043221474,0.291313976
1.104184031,0.336259246
0.846741676,0.293134451
1.087241411,0.277480781
1.030737162,0.390119672
1.121985435,0.315373749
1.003457546,0.225464344
1.056476593,0.315505087
0.721886039,0.375685155
0.928912342,0.293343931
0.940487385,0.439536095
1.038588762,0.264735699
1.232149005,0.352624118
1.042882442,0.250988573
0.97842741,0.176036149
0.95809406,0.350226939
1.327534199,0.349953443
1.025067925,0.396877021
1.053377151,0.281276077
1.026098013,0.26257962
0.97910887,0.44164905
1.042312622,0.344260931
1.027238607,0.34317261
0.835049689,0.294692636
0.902638555,0.413846195
0.922307491,0.25680095
0.819779038,0.403983057
0.978622437,0.480983347
0.769115806,0.421148479
1.373048306,0.312889159
1.027653575,0.330426723
1.017035007,0.532526553
1.186013937,0.392097592
0.935305238,0.370495379
1.079319596,0.263396323
0.950193584,0.471749663
0.987469554,0.294946492
1.02752018,0.309063822
1.170844197,0.428911746
1.05272603,0.317962021
0.925196409,0.282565773
0.912791848,0.370758623
1.157866478,0.235804051
1.119379044,0.479182035
1.025428295,0.360004783
0.871154189,0.283908188
0.954800725,0.250709474
0.975676417,0.391676724
0.77355361,0.31587255
0.988724411,0.274237394
1.108332634,0.36179176
1.165367365,0.487670869
0.708147526,0.423798025
0.990303159,0.23423481
1.202729344,0.422222406
0.777331114,0.238466993
1.53848803,0.242090255
0.880727053,0.2579557
0.914691627,0.308193564
0.817217469,0.379517138
0.763891697,0.279045731
1.124523759,0.291805834
0.759007931,0.189363465
1.085443258,0.364578635
0.921931624,0.352002591
0.984925091,0.278873324
0.925355852,0.338140219
1.070764065,0.396348208
1.015973926,0.375941426
0.817078352,0.353025973
0.766524911,0.329379112
0.978393674,0.288099766
0.930462301,0.387120813
0.746647298,0.348436415
1.064169168,0.494693369
1.404645681,0.297399908
1.208618164,0.47919336
1.178819656,0.404874802
1.11928165,0.379821122
0.671571553,0.223553166
0.995666802,0.290633023
0.955821872,0.228570223
1.105518818,0.287443519
0.780911446,0.317914903
0.747790575,0.284735799
0.948154926,0.394001901
0.790449321,0.368562341
1.139300346,0.258553088
1.004857898,0.542680979
1.0072999,0.290647984
0.884959102,0.335472524
1.025595427,0.28215009
1.061691165,0.362055808
0.878976464,0.389202982
0.914047241,0.256520271
1.095099449,0.244674101
0.903991282,0.363329768
0.852130413,0.364038199
0.966908574,0.276563138
0.902571261,0.27825579
0.811921716,0.312245131
0.926335692,0.303245753
0.814242721,0.299077123
1.032356739,0.423965365
0.866436064,0.289632261
0.901280642,0.294292748
1.113351703,0.350372821
0.869871855,0.313263237
1.026809692,0.299820781
0.832728624,0.310859084
0.936921954,0.239729255
1.006021023,0.290906906
0.775491595,0.330465376
0.989476204,0.427434146
0.707286835,0.254023373
0.851196408,0.377086937
1.092776179,0.491834044
1.073977232,0.434956819
0.960175157,0.25451991
0.990105212,0.290946543
0.820219576,0.227630436
0.786208689,0.355862498
0.843198776,0.36563006
1.153229237,0.480973899
0.956285954,0.34978053
0.816605031,0.224722773
0.828022242,0.383422881
0.935582519,0.404432863
0.719775856,0.304040223
1.105076432,0.441760838
0.93494761,0.358700484
1.374832153,0.316601574
0.880695939,0.202287734
0.862770796,0.508162856
0.950069249,0.305489391
0.730920851,0.34930113
0.785287976,0.356372267
1.050767899,0.296481073
0.773267269,0.399337202
0.905442715,0.392955303
0.880151689,0.466177642
1.106205106,0.291501969
0.775879979,0.308650911
0.94418323,0.265960664
0.935829163,0.25996381
1.091017008,0.388359725
0.832431316,0.431652248
1.229164839,0.294194609
0.765017986,0.31032452
0.795589507,0.302516997
0.723095357,0.294187099
0.912247181,0.274116874
0.844444454,0.270045608
0.823518395,0.393155485
0.754590571,0.451687366
0.859868646,0.39691487
0.898064196,0.286764503
1.428867579,0.369797021
1.369982719,0.32111156
1.23859036,0.296737671
1.077524424,0.325293928
0.906953335,0.269632787
0.854286969,0.282512903
0.881787419,0.41865772
0.977838278,0.280430406
0.95090735,0.304318845
0.869722188,0.282665074
0.963752866,0.334544837
0.969225168,0.321470618
0.79884553,0.382685095
0.97131604,0.3800928
0.888440073,0.558068037
0.999474764,0.430939913
0.973123431,0.332146466
0.6046561,0.449765474
0.643384814,0.245692283
1.236329913,0.38122499
1.03532517,0.318834037
1.285906553,0.335792243
1.246706009,0.299546689
0.77001524,0.363526791
0.895788074,0.339809299
0.833640575,0.358006626
0.953117371,0.359240055
0.925980866,0.260541081
1.163879395,0.339282036
0.928137422,0.292076558
0.992031157,0.333479166
0.932573736,0.264155209
1.158436298,0.512186766
1.374275446,0.257916749
0.958506703,0.216674104
0.947310269,0.322820872
1.035759687,0.190451801
0.909391582,0.327306211
1.077544808,0.364533126
1.064550877,0.320699424
0.904931188,0.329650432
0.762356758,0.24097985
0.852942228,0.361556202
1.132889271,0.288709998
0.847611308,0.293083489
0.908180833,0.34133029
0.801733732,0.179733798
0.924265265,0.426423013
0.757665515,0.349306256
0.868352532,0.429632813
1.265341043,0.293277562
0.922728419,0.263417125
1.100377083,0.290272772
0.746798873,0.405712664
0.948999584,0.317701697
1.231861711,0.277649969
0.798428535,0.276287824
1.017190218,0.272067428
1.247915864,0.181854516
0.897817373,0.378846437
0.975023627,0.229685277
1.005713463,0.223550528
0.841123819,0.271298826
0.782035828,0.529510438
0.871613085,0.382398039
0.863550425,0.386982858
0.957758963,0.31355533
1.199644804,0.428934008
0.89716655,0.293137789
0.908526659,0.331937402
0.845046937,0.28890416
1.063690305,0.333496809
1.144541144,0.290639997
1.144163013,0.357889056
0.865620971,0.376186669
0.864022851,0.359394252
0.913811207,0.261924386
0.743960261,0.285818219
0.934678197,0.272718966
0.591480851,0.295562655
0.820114553,0.28654471
1.066329956,0.220808893
0.982867122,0.294267327
1.062484026,0.345445484
1.104695797,0.323846459
0.888429999,0.300764322
0.835467935,0.331031889
0.881539941,0.393822551
0.658760607,0.292418033
1.369429827,0.285725832
1.009361744,0.286980271
0.779021859,0.437321633
0.980667353,0.417753607
0.864127934,0.292447746
0.672947049,0.324532449
1.034613132,0.292759746
0.781698585,0.319483012
1.351514816,0.501250565
0.945663333,0.402451128
0.943998456,0.375427067
0.821668148,0.30761978
0.896166325,0.250084788
0.871374071,0.22459276
0.913271546,0.386481911
0.884941399,0.20261535
0.882318079,0.513237
0.902154922,0.407731295
0.51637876,0.272195071
1.354380846,0.319137812
1.062020779,0.358476788
0.820730627,0.394241571
0.7910133,0.31941241
0.886229038,0.276512265
0.857797742,0.250414878
0.947199106,0.335129082
0.811519623,0.396049947
1.175114155,0.379405677
0.770475566,0.467968732
0.778382003,0.418518782
0.846287072,0.332497537
0.889989674,0.294420421
0.724132657,0.29839462
0.944335401,0.225244775
0.919612825,0.424305409
0.777594626,0.386811405
0.585301399,0.385555357
0.909927785,0.353604913
0.708105564,0.400654167
1.173884511,0.357836366
0.854438901,0.301424682
0.835753798,0.360223472
0.764159977,0.234541953
0.799793482,0.237959325
1.083017349,0.30002743
0.699198782,0.382518172
1.196158767,0.292671055
0.99503386,0.3971017
1.01939249,0.292200953
1.357417583,0.326939076
0.960365534,0.26184094
0.865743577,0.352190405
0.693826556,0.277477831
0.861836672,0.288468361
0.98509872,0.28606683
0.810695648,0.328511745
0.948149979,0.34470129
0.992788374,0.540709913
0.799434662,0.412432581
0.966498375,0.30469346
0.664089799,0.31932047
0.680771053,0.324296683
0.863520503,0.439327955
0.843210757,0.394819528
0.952781141,0.417888582
1.143309593,0.405243576
0.79153651,0.300287753
1.358496189,0.34285748
1.043267846,0.39290899
1.001599789,0.323892832
0.982486427,0.326835066
0.790328622,0.344799072
0.944147468,0.412047476
0.637715638,0.285647154
0.736617148,0.330946535
1.187628269,0.273259282
0.82511431,0.515254557
1.014468908,0.304219753
0.78923595,0.370617449
0.994560778,0.330637336
0.898998141,0.342692733
0.830655932,0.293543249
1.119569659,0.393931985
0.970688224,0.451625288
0.962501228,0.328804255
0.94559437,0.248406187
0.849235237,0.397228897
0.889906526,0.272651136
1.143142939,0.358252823
0.769705534,0.238118693
0.907807887,0.425818771
1.113980532,0.266452253
0.963653445,0.281418622
0.974429905,0.253809512
0.820043087,0.296702087
0.881810844,0.302812964
0.713062525,0.235192239
0.989211917,0.33235538
1.069002271,0.309626102
0.755820811,0.283203751
0.880381703,0.372953147
1.03538394,0.208732039
0.758212328,0.257431298
0.94578433,0.273052722
0.742503285,0.206586689
0.70388782,0.58382225
1.01252532,0.475224167
0.848205447,0.313861459
0.948607564,0.209641084
1.149321198,0.351592571
1.235264421,0.271833062
0.734658957,0.233703077
0.704389989,0.33005777
0.779484868,0.255004406
1.020024896,0.336454391
0.874019623,0.284095109
1.030607462,0.274483681
0.765278876,0.556327522
0.933498979,0.366667897
1.06067431,0.265247881
0.781445205,0.296162546
0.891966879,0.251065224
0.701931655,0.33893761
0.89233315,0.323978007
0.853133917,0.248762384
0.88120997,0.324916571
0.868011296,0.294613689
0.80621171,0.424462527
1.002573013,0.327877641
1.20146656,0.378162414
0.569097996,0.329004288
0.63372308,0.302341551
1.257311702,0.332485199
0.882484138,0.318783581
0.853180885,0.469588697
0.967027307,0.367971838
0.864418268,0.415443689
0.898921013,0.275637269
0.933989763,0.23479642
0.776335359,0.381810308
1.014477491,0.246549711
0.924166262,0.380628139
0.839172363,0.325464249
0.953217089,0.38402617
1.228368044,0.299856484
0.884091675,0.515018582
0.970548868,0.278755605
0.949760318,0.261351377
0.733433247,0.314473867
1.145174384,0.329128802
1.086711884,0.23038289
0.874268293,0.244893685
0.960467219,0.325645387
0.960466981,0.382716119
0.877975941,0.341365725
0.97503835,0.464614362
0.70040679,0.333307236
0.733483315,0.315594226
0.979022861,0.232336491
1.073700428,0.291645646
0.665722668,0.325151652
1.086229324,0.306189418
0.677263141,0.351989746
0.865217566,0.3654899
0.785246313,0.362960279
0.795422912,0.312124699
0.846221328,0.336990684
1.312005639,0.382751495
0.819730282,0.23187685
0.928084373,0.413770318
1.02762723,0.323723078
1.08645308,0.586518586
1.056326509,0.21476604
0.97416997,0.31594187
0.847606897,0.351980627
1.026410341,0.351164311
0.746553421,0.343414068
0.848325312,0.210717484
1.080691338,0.401906729
0.919040024,0.343332559
0.769885063,0.35568136
1.006172299,0.299729139
1.0273844,0.375430882
0.634735107,0.255224407
0.988014936,0.291235864
0.823815763,0.32439056
0.483925581,0.372750759
1.039938688,0.306598306
1.117886305,0.361399144
0.721912265,0.38055414
0.802973866,0.29148525
1.036470652,0.271608055
0.947925448,0.220725864
0.80183512,0.27070874
0.851914167,0.275281966
0.688093841,0.383254796
1.003511906,0.483021975
0.781853318,0.435857981
1.25167644,0.493189603
0.860763967,0.356334597
1.299328327,0.281472802
1.137244225,0.51698184
0.729558706,0.37774235
1.129254341,0.321278989
0.841418982,0.361890227
0.763540864,0.303709656
0.755224407,0.283275127
0.767303109,0.3386437
0.691994548,0.272112906
0.810949385,0.302084416
0.659967661,0.210968599
1.072321892,0.326469302
1.043177843,0.37254107
0.965082526,0.287325323
0.807587147,0.511932611
1.055797577,0.420208275
0.918300331,0.336435169
0.803053319,0.26904577
0.773513675,0.313127249
0.999140739,0.408486903
0.96598959,0.242116421
0.83704704,0.388843179
0.816342592,0.27868548
0.815060556,0.328627855
1.072105885,0.354752302
1.000785828,0.279949009
0.957002521,0.356101722
0.680348635,0.419738084
0.814346552,0.338396579
1.01641798,0.291133046
0.667305231,0.257683754
0.953196466,0.341053665
0.843328834,0.210652903
0.792007089,0.34956032
1.026042581,0.230186671
0.723157406,0.28394559
0.873802185,0.335448295
1.10730207,0.261161834
0.737475216,0.359723032
0.947051287,0.310893714
0.789901912,0.29827556
0.781057775,0.356891096
0.907442749,0.34173283
0.853223145,0.319929779
0.726533771,0.260299563
0.748989999,0.382079035
1.044099331,0.278004199
0.903466403,0.571234465
0.685557008,0.365055561
1.104945421,0.363088906
0.445293307,0.379078329
1.015190721,0.410373658
0.691024184,0.235590726
0.650298476,0.400507957
0.730226398,0.421427399
0.71987164,0.495847464
0.684859157,0.35754934
0.807060719,0.28630051
0.822408915,0.395656407
1.035804272,0.359587491
0.70285517,0.2886298
1.137373924,0.46765396
0.554916322,0.310946852
1.16262424,0.400099128
0.727018118,0.249188468
0.90037775,0.3002536
0.701221347,0.361908644
1.054483652,0.229699686
0.928981125,0.312693983
0.695707202,0.367142886
0.855733454,0.253477007
0.744794726,0.325466782
0.669338346,0.350913733
1.159714341,0.281542778
1.009023905,0.230151996
0.649017692,0.377746969
0.723970532,0.283710182
0.794346631,0.290229619
0.655681133,0.531233191
0.542953074,0.361747533
1.014111042,0.329469085
0.84846276,0.363452703
1.039482832,0.319027692
0.971144319,0.226416826
0.624933779,0.294003755
0.659737825,0.462973148
1.174414873,0.279371917
0.844104648,0.259308398
0.848534465,0.363955319
0.642106771,0.339866996
0.937571049,0.3863509
0.663601041,0.25751546
0.705640376,0.375898719
0.621096253,0.324862719
1.333838344,0.341519117
0.740110397,0.369529724
0.898448467,0.479599237
0.641734302,0.356718719
0.930840611,0.417278051
1.103437781,0.208263025
0.801481545,0.339307845
0.583970666,0.271943629
0.90584892,0.336382389
0.850752234,0.382136106
1.005121231,0.265822142
0.852671742,0.247344643
1.219130278,0.274301708
0.873130918,0.196331888
1.058882236,0.261886597
0.766836166,0.296862781
0.876091003,0.23184596
0.84732008,0.208024696
1.119623065,0.29965058
0.836955428,0.2920928
0.716760874,0.378398061
0.729330361,0.276210487
0.896443605,0.372831285
0.76743108,0.412608415
0.906638026,0.346266955
0.536753178,0.285502285
0.721628547,0.437900007
1.0012393,0.388534039
0.849263191,0.266732216
0.714843988,0.239628255
0.865283847,0.335304886
0.985768795,0.381602138
0.761679173,0.336067706
0.987800002,0.33575213
0.962211072,0.452427328
1.009554386,0.227217406
0.675481081,0.414917231
0.948173523,0.328937113
0.538290262,0.441237301
0.716895223,0.30598855
0.685095489,0.22738336
1.003838778,0.379420131
0.716870248,0.411074013
1.153227329,0.387453914
0.962948501,0.253023386
1.02337122,0.347767234
0.91813302,0.316875815
0.905706048,0.406069815
0.97693181,0.246509612
0.772235751,0.273936123
0.699938297,0.388343841
0.888096809,0.289807618
0.777361274,0.425655156
0.996813297,0.349670917
0.96395421,0.324105918
0.889203906,0.300010324
0.759404063,0.355737746
0.771204472,0.285207033
0.664521933,0.302415222
0.753428459,0.372062057
0.685041904,0.260486841
1.195802927,0.416461557
0.612823427,0.435943753
0.71552515,0.41486448
0.668239832,0.213838533
0.706953347,0.265904427
0.725863159,0.301979572
0.666021943,0.405046225
0.871468008,0.287931472
1.019219041,0.379003167
0.722294688,0.271243423
0.739706159,0.353187919
0.667288303,0.299689889
1.037066817,0.269734144
0.844506383,0.272088379
0.810142756,0.271674305
0.80429697,0.272490621
1.038496137,0.310231358
0.874335766,0.398710907
1.07153511,0.486705691
0.74614948,0.396407008
0.478840321,0.222671941
0.745164931,0.371793449
0.717743516,0.366654068
1.04448688,0.41443181
1.106013298,0.299918473
1.072175384,0.316595763
0.792542934,0.28415817
0.551397741,0.306210876
0.832364798,0.404749811
0.712692976,0.263024479
0.515523076,0.439269304
1.022825599,0.284490585
0.764891326,0.356118649
0.911061585,0.214634329
0.682831824,0.554908633
0.698078632,0.390920967
0.749302447,0.485826343
0.881329894,0.27812475
0.956059098,0.408470064
0.783733487,0.284379303
0.985102773,0.360708177
0.878948152,0.346504152
1.174583673,0.364093512
1.184433937,0.312451154
0.86512351,0.359953314
0.888450384,0.353280157
0.812227905,0.263922274
1.103454113,0.364743739
0.765215397,0.224036291
0.784197867,0.393093646
0.760506749,0.506561875
0.824208438,0.294270247
0.841154277,0.321298093
0.670154452,0.43305409
0.962762117,0.303998917
0.926630914,0.328525722
0.889633298,0.330494583
0.731237888,0.289058059
0.990662396,0.269614905
0.998787045,0.282330513
0.899007499,0.276746213
1.356145382,0.282258451
0.834296107,0.367325336
0.782451034,0.378674984
0.855709732,0.461879998
0.768525243,0.393695801
0.590669274,0.299120516
0.692868769,0.278243899
0.819802284,0.365749121
0.959357858,0.28139782
0.667793393,0.356389791
0.650817752,0.485728681
0.808355391,0.289555281
0.681046963,0.323765099
1.131176233,0.286847562
0.801275134,0.289196193
0.659188032,0.329863042
0.810863793,0.377427131
0.535099804,0.423366994
0.772160947,0.36325115
0.904144585,0.276889265
0.840083897,0.280819952
1.104959965,0.331050396
0.58400631,0.475317955
0.884876251,0.416716546
0.77954185,0.350563645
0.710650027,0.451991647
0.760348797,0.517211139
0.991566896,0.284417808
0.6239115,0.275494218
0.735211492,0.405580699
0.830769718,0.296962023
0.922390521,0.341364741
0.821413875,0.462123692
1.171697855,0.403061837
0.943392515,0.390709013
0.6513744,0.312954843
0.962527692,0.406767696
0.834601104,0.258070499
1.010993838,0.238746315
0.901863933,0.595048845
0.71408844,0.171965659
0.730473638,0.284185588
0.711895347,0.404179186
0.777301908,0.391933143
0.926104069,0.308351904
0.659332156,0.268068731
1.132902861,0.495045185
0.685548544,0.366483718
0.798701048,0.341442138
0.617822587,0.470598936
0.75199157,0.362445772
0.585434139,0.290513933
0.622711957,0.354682952
0.662544727,0.345150381
0.962397218,0.41509974
1.09761405,0.451946974
0.921606421,0.300663471
0.472765565,0.490088463
1.028459907,0.303778768
1.047064781,0.297741115
0.865934491,0.298603445
0.595800281,0.501721859
0.660360456,0.428687871
0.814992428,0.307296991
0.873703241,0.440697253
1.032555342,0.351144224
0.910599589,0.422556162
0.856623769,0.319179147
0.863935471,0.509817958
0.959278584,0.390963763
0.368906766,0.416108668
0.704923749,0.348833174
0.913274407,0.272520632
0.800437391,0.37332648
0.744941831,0.448309004
0.901632905,0.362822086
0.75660032,0.411599845
0.895664692,0.251840204
0.738013268,0.402331084
0.581406176,0.253963858
0.997628987,0.397212237
1.033996701,0.305670559
0.707834959,0.223282039
0.880733252,0.312150836
0.954038322,0.315991044
0.928218782,0.236930817
0.623905063,0.25858441
0.824308693,0.375441819
0.5470227,0.387299687
0.937461913,0.264906108
0.706847727,0.310737818
0.840130925,0.38827154
0.80909121,0.309451461
0.767695189,0.226179659
1.383084059,0.317932248
0.72088784,0.457800567
0.752377689,0.362502813
0.735818267,0.227615818
0.875662625,0.301364154
0.80260396,0.456254721
0.922764122,0.279407918
0.784315765,0.243567407
1.086619854,0.305463582
0.802768409,0.279743016
0.983999968,0.294853002
1.105926871,0.374862015
1.035090446,0.369602293
0.732230306,0.355207175
0.710398555,0.383680314
0.666966915,0.363012642
0.72832942,0.438576519
0.747792602,0.288424671
1.019064426,0.352342367
0.598750353,0.325071931
0.664192915,0.372454703
0.579082787,0.520614505
0.688568473,0.428427637
0.765586257,0.406696141
0.579805613,0.394074947
1.165354013,0.23659727
0.954908848,0.345801473
1.173958898,0.236622542
0.662523031,0.279505432
1.155674696,0.291470557
0.808499217,0.45696938
0.894757986,0.360544354
0.539144933,0.36245963
1.010089159,0.377345532
0.580299973,0.250337392
0.782582998,0.280629426
0.844012022,0.419469297
0.833888888,0.315687001
0.911306679,0.462529153
0.593455136,0.524879634
0.613894224,0.194096044
0.668498993,0.232157841
0.922041118,0.370666355
0.793008447,0.247404501
0.63707304,0.35675168
0.933388889,0.300068438
0.767748833,0.387445897
1.14991045,0.318435013
0.401450634,0.447960913
0.678900599,0.337937564
0.837327778,0.317036986
0.818392456,0.250683248
0.962976456,0.279589951
0.77862668,0.270269752
0.826478899,0.438115448
0.80646801,0.263780534
0.887602508,0.269233257
0.567017734,0.289704561
0.971294761,0.313397527
0.809761763,0.3175506
0.864684641,0.419800967
1.061252594,0.319333941
0.638437629,0.430785
0.705294549,0.397918105
0.738413811,0.369890809
0.697896123,0.25059709
0.92887032,0.379205644
0.93374157,0.335792392
0.633850813,0.270885915
0.74020505,0.322846442
0.92596209,0.32179004
0.735125482,0.344514608
0.944201231,0.303227037
1.017645597,0.328999996
0.575309396,0.411692053
0.715711951,0.43399933
0.622143686,0.286841542
0.603925586,0.349669695
0.641001582,0.448405445
0.803327262,0.333819628
0.651002407,0.285051793
1.072503924,0.331876844
0.711659908,0.319027871
1.165252686,0.365825862
0.913248301,0.230458349
0.728123903,0.308953345
0.689948738,0.302842915
1.042450786,0.231126428
0.773101866,0.331445336
0.943173349,0.438883901
0.59459734,0.460210562
0.742954373,0.302318543
0.712162256,0.386650562
0.858239174,0.25009203
0.757438898,0.302984476
0.923202693,0.340539426
1.088268042,0.391573817
0.985028088,0.350732625
0.828353643,0.245791912
0.61928165,0.256684095
0.702092707,0.375762522
0.709181547,0.254643202
0.538191915,0.306733578
0.791836679,0.19092612
0.707993388,0.31739977
0.66522634,0.311764181
0.785873532,0.369984627
1.049417973,0.469349921
0.649872661,0.396936446
0.801071644,0.386454403
0.670626581,0.28529942
0.958352745,0.420885295
1.010681152,0.273796082
0.704523861,0.411443025
0.524115086,0.496147037
0.602931619,0.435951203
0.700377464,0.268508673
0.784746408,0.468724072
0.901122332,0.355768174
0.55801177,0.343737006
0.686386347,0.387401611
0.689506233,0.359933168
0.658267438,0.486383706
0.657454848,0.39648214
0.822001457,0.427717
0.862494409,0.287648201
0.603353739,0.531144142
0.666712999,0.42769739
0.894593835,0.344393253
1.004926205,0.313985735
1.064399719,0.394092053
0.852867663,0.334073812
0.724731803,0.294407189
0.721185386,0.297464609
0.664623618,0.262211919
0.649574757,0.296837986
0.886249363,0.322829187
0.782307148,0.277910948
0.746379793,0.349002898
0.857397556,0.385494113
0.824592233,0.454139858
0.498611063,0.389775991
0.963967919,0.444532335
0.767610908,0.41935426
0.931167603,0.293470502
0.801567554,0.346208364
1.108830452,0.362278253
0.793263376,0.312488854
0.788752675,0.53785634
0.780255437,0.425115496
0.665926695,0.359612644
0.880246043,0.394423127
0.972448587,0.212245762
0.86353457,0.295999497
0.705741644,0.248194963
0.812924683,0.300356418
0.856006503,0.325962007
0.748456836,0.338239193
0.623463392,0.333677769
0.715346754,0.395619631
0.795752108,0.314674228
0.678738892,0.36228624
0.815130293,0.358680904
0.670210123,0.32974425
0.927288175,0.413708508
0.895593703,0.324498504
0.54821676,0.314120263
0.838664055,0.376042306
0.763309002,0.303452194
0.987111807,0.390305996
0.826746106,0.397315919
0.810712218,0.330358833
0.777383149,0.357474685
0.696127474,0.419803798
0.607551813,0.463874966
0.645006895,0.260904372
0.892231107,0.351516783
0.661039829,0.333583415
0.628398061,0.289683819
0.728779674,0.386276513
0.895582199,0.439452469
0.859548926,0.290950209
0.678442061,0.354513496
0.90689224,0.42157343
0.441924483,0.299680263
1.034623384,0.296656907
0.614656448,0.393866003
0.542889476,0.380995631
0.583145261,0.38008374
0.645692468,0.303046376
0.398369312,0.415624231
0.389400005,0.282592267
0.267921537,0.342866361
0.435181797,0.240819335
0.688423634,0.373901963
0.46578145,0.380773246
0.410348117,0.520770371
0.415653884,0.523000121
0.442048222,0.537490845
0.440229326,0.400554836
0.390922785,0.46838358
0.418612182,0.299242914
0.387059212,0.359010816
0.310041398,0.583440244
0.617468596,0.406616122
0.453407288,0.420525551
0.410496622,0.440294117
0.461146742,0.371095508
0.399299562,0.63728559
0.421415806,0.365222782
0.748018861,0.382884294
0.28946206,0.436737478
0.400317073,0.351029694
0.233983293,0.309198618
0.367520988,0.488082826
0.247433543,0.396363556
0.210026741,0.344521731
0.342089802,0.407737345
0.416247934,0.305592448
0.373424679,0.29646185
0.389249265,0.586385906
0.301987946,0.448949665
0.412742853,0.536575317
0.390905023,0.402999371
0.398508221,0.409105748
0.821861148,0.43898046
0.529235065,0.514471889
0.412695706,0.328087032
0.366180629,0.446575731
0.350309491,0.366024047
0.524034321,0.317917705
0.457717627,0.259703636
0.236662433,0.377935648
0.268025756,0.587814093
0.448645562,0.382612526
0.228783727,0.449992239
0.390886128,0.473854512
0.448131323,0.446683466
0.240178943,0.410428703
0.282308608,0.440719306
0.231329471,0.303574443
0.723085165,0.402335227
0.51206708,0.280601263
0.687660098,0.306102455
0.409440815,0.294378847
0.440641224,0.501485586
0.231994569,0.415799886
0.226369292,0.453296661
0.268031895,0.345499218
0.368529946,0.300126374
0.650179744,0.580209792
0.679889679,0.416968346
0.153551966,0.485053509
0.461036682,0.379710466
0.341204703,0.285934716
0.169855401,0.369237244
0.301226407,0.484054029
0.408492893,0.436507821
0.546768308,0.328418732
0.911060333,0.192440033
0.377630979,0.355571151
0.380049556,0.351106316
0.413384318,0.509312212
0.338519484,0.386199594
0.493899316,0.361161053
0.412437618,0.482936025
0.167491734,0.268424839
0.562826276,0.250361174
0.753573954,0.430609703
0.257634223,0.584181845
0.430418849,0.367975473
0.217441842,0.393699169
0.255622506,0.301918626
1.033413053,0.47454235
0.551837623,0.343192428
0.26274088,0.37177363
0.548383474,0.328328192
0.478340924,0.58905673
0.205853552,0.495171279
0.374518394,0.37507531
0.43228966,0.544134676
0.351968646,0.246778175
0.243934661,0.466753095
0.396481693,0.380160391
0.325243473,0.434891194
0.2969594,0.382908493
0.226658195,0.300621688
0.375502229,0.357666343
0.656084061,0.36250031
0.493183851,0.333720326
0.36369586,0.419411302
0.350855887,0.450177252
0.313973784,0.303149909
0.463118881,0.297035903
0.347597778,0.34326303
0.36069113,0.377752692
0.134392098,0.462767243
0.243121013,0.457291007
0.367501944,0.191010743
0.505146146,0.320305943
0.227453977,0.468091428
0.296521157,0.471051514
0.279362559,0.382220805
0.532437325,0.332729399
0.256021082,0.317482203
0.467651546,0.607346892
0.302246541,0.603776574
0.261340082,0.379458636
0.526400805,0.332560182
0.243617162,0.331916153
0.215810254,0.381824017
0.506051779,0.405061722
0.505613267,0.488849252
0.410638958,0.289916545
0.364963859,0.52911526
0.335065156,0.349318534
0.541810751,0.410920233
0.248333514,0.628796101
0.575161695,0.380900919
0.313681066,0.441053152
0.360715657,0.218623132
0.298876137,0.483355343
0.54355979,0.348691314
0.38161999,0.504690409
0.311082333,0.625870049
0.433337361,0.621647596
0.400567412,0.340604514
0.35327515,0.396055013
0.444575161,0.457172096
0.791779757,0.663280964
0.634089112,0.308657765
0.55570966,0.408203512
0.321204871,0.338308364
0.47662282,0.391743541
0.383662641,0.590940595
0.273199379,0.384721667
0.20367372,0.349133223
0.415826887,0.435116023
0.462440789,0.496230721
0.502738535,0.413674772
0.478012383,0.400383353
0.426749885,0.315397382
0.162868023,0.605940282
0.460225403,0.448774248
0.589941204,0.346869022
0.437688053,0.384140968
0.201789647,0.349039406
0.27976054,0.351164281
0.441313207,0.473894924
0.443095684,0.452810049
0.53719449,0.440021753
0.319987714,0.604785025
0.416277647,0.362497747
0.429993987,0.329706043
0.464627951,0.330861688
0.464155972,0.454228729
0.3231273,0.354326516
0.558734179,0.339924276
0.310803086,0.258455426
0.502298236,0.56593895
0.497810304,0.429859757
0.563452601,0.357335448
0.360189378,0.43574056
0.567294955,0.525476277
0.191191733,0.430213004
0.789484978,0.365026921
0.668094397,0.4234685
0.350768268,0.44368121
0.328300685,0.263333142
0.279479235,0.338582873
0.460343361,0.445853889
0.192723721,0.45650062
0.373780966,0.320258021
0.761288762,0.496311545
0.207678735,0.36487478
0.345136493,0.259526372
0.444593728,0.400592089
0.223120838,0.403319836
0.239790425,0.296544313
0.383154601,0.409601986
0.457669914,0.303632736
0.406355947,0.385291785
0.278360307,0.263490587
0.4045901,0.326837152
0.589330316,0.557657599
0.496070921,0.436547667
0.155904219,0.358291894
0.408809841,0.511380136
0.434494436,0.359981805
0.383774906,0.331992179
0.280970305,0.544115603
0.288074464,0.438478947
0.411281794,0.392745078
0.511724353,0.383135974
0.496416628,0.348485708
0.469801813,0.407467961
0.593278885,0.378439277
0.665398002,0.26759845
0.226140961,0.26526767
0.498627663,0.427818775
0.593958139,0.416211754
0.218815342,0.291196764
0.316540837,0.417165875
0.320454508,0.423562258
0.30735299,0.3754583
0.312517375,0.356127471
0.387122631,0.348989934
0.242228076,0.339968592
0.3581357,0.3997024
0.383960575,0.311669141
0.226518229,0.506121159
0.387192845,0.441343427
0.390193462,0.405068338
0.532078028,0.356321216
0.656225085,0.43588531
0.319326609,0.458207816
0.497439146,0.428428084
0.471489668,0.349605173
0.624214709,0.473808706
0.482336819,0.345557868
0.488089442,0.386713445
0.0876735,0.717753053
0.464913547,0.388826847
0.249462992,0.412293077
0.514111161,0.292271852
0.352420926,0.403727204
0.349993527,0.413895637
0.373118937,0.356133312
0.313733071,0.300462097
0.521898925,0.499027848
0.393314898,0.280566275
0.380540967,0.373996139
0.567874193,0.351725817
0.588342071,0.473453283
0.460418224,0.484346181
0.54462409,0.406228781
0.282793015,0.357141852
0.145935699,0.393535733
0.374144614,0.537769139
0.575225413,0.363420993
0.453615516,0.336198092
0.288128406,0.264872789
0.326894552,0.466702402
0.663609207,0.596877635
0.31358552,0.334629685
0.763830662,0.477058977
0.332058907,0.293076098
1.043018103,0.447029769
0.637568295,0.458198965
0.258554399,0.506265759
0.418322086,0.429907918
0.306247115,0.326472521
0.138067082,0.438893527
0.443222046,0.476172358
0.320169747,0.531668246
0.467456818,0.403294951
0.392936051,0.435108334
0.413093686,0.252396643
0.195406258,0.449716747
0.31810987,0.561620712
0.508241415,0.327381164
0.425385237,0.454437017
0.316702932,0.590727687
0.602426529,0.406913638
0.359780639,0.456027091
0.39309904,0.440499753
0.194156349,0.282391787
0.183328062,0.403923601
0.322332084,0.341489077
0.321823984,0.42819795
0.277945578,0.432299614
0.41530031,0.355279803
0.264779806,0.360003114
0.39755705,0.302841753
0.440935373,0.444955021
0.379593521,0.381881058
0.548309803,0.436729342
0.379365087,0.308319777
0.533642411,0.490238577
0.444756031,0.479191065
0.150482148,0.337179154
0.469400734,0.601201177
0.435675293,0.421005219
0.093095437,0.376917303
0.570411861,0.336953044
0.542814374,0.447741628
0.250684351,0.268411666
0.448456526,0.32728672
0.490657657,0.485350579
0.556506753,0.618908703
0.265315115,0.36662811
0.283621252,0.360780686
0.67766583,0.33943969
0.342233896,0.41456455
0.197809234,0.281757385
0.293323845,0.376848459
0.151634648,0.321489751
0.379712045,0.334845304
0.261938632,0.342437863
0.423778892,0.51800704
0.553894281,0.482026428
0.567119956,0.474078506
0.091195159,0.400884956
0.520952225,0.339841694
0.428641737,0.505399108
0.414456427,0.605508149
0.71038723,0.355001211
0.383720934,0.284447283
0.411452115,0.417048246
0.315762818,0.331983089
0.357387573,0.603270769
0.396453172,0.368730694
0.443135679,0.274315
0.31215328,0.465097368
0.522545516,0.448750556
0.211309031,0.415740788
0.165601611,0.422997624
0.326889247,0.27382502
0.288769424,0.470024347
0.308357239,0.600040197
0.432548702,0.36426267
0.153426528,0.273443013
0.859102726,0.251206756
0.33737278,0.599609375
0.300843775,0.461477816
0.47049588,0.400262892
0.648033261,0.390345246
0.29881072,0.348663986
0.446834505,0.332803935
0.348648578,0.539135933
0.338259041,0.350626498
0.438720256,0.363362283
0.620783091,0.453782618
0.376048684,0.32855916
0.163569212,0.342546642
0.551350832,0.535421014
0.312500089,0.407018363
0.349672109,0.389483809
0.332893044,0.335287035
0.588226557,0.462741643
0.289800525,0.542849839
0.254543304,0.500160694
0.513906598,0.293385565
0.366532207,0.478101969
0.322431147,0.235401705
0.397721291,0.472921163
0.524959564,0.338919222
0.424369186,0.394226789
0.224530786,0.442084461
0.331936002,0.392906874
0.39826715,0.339385927
0.19024919,0.646469712
0.479254365,0.381527781
0.566500187,0.432745993
0.310481638,0.395223051
0.438071012,0.633060932
0.444509864,0.24757877
0.51427424,0.339223325
0.227461219,0.263943911
0.365239382,0.370955408
0.325064778,0.398385644
0.236932188,0.379845589
0.309387416,0.267596424
0.323089451,0.341775745
0.254171073,0.439084649
0.433422387,0.370564699
0.758959234,0.526672363
0.19039692,0.335804462
0.267318636,0.41177237
0.438951552,0.357725859
0.367462218,0.316894919
0.586724162,0.518069148
0.249705032,0.463461936
0.188145921,0.300767273
0.330189496,0.310056657
0.276324689,0.360481024
0.300103992,0.374150753
0.479928851,0.340326011
0.342043191,0.41466099
0.348954618,0.341319174
0.308754504,0.413124025
0.335486054,0.365245312
0.218189716,0.349634856
0.274522483,0.383478224
0.764610052,0.310744166
0.244380116,0.433528781
0.221938729,0.24040319
0.213245988,0.461143494
0.457041055,0.510937631
0.379617095,0.424107879
0.282830626,0.303897142
0.264062732,0.649923205
0.346133471,0.489947587
0.249795824,0.45182246
0.525954485,0.218116134
0.214139521,0.377864152
0.285918295,0.286840022
0.360137522,0.478441447
0.476305008,0.366966754
0.33761555,0.453139544
0.537642121,0.342200041
0.220465466,0.308248609
0.119164377,0.472499192
0.601785719,0.462930888
0.41084528,0.376600385
0.499121755,0.493947923
0.406275511,0.483897567
0.257907093,0.443611234
0.752795279,0.653240442
0.624670029,0.351677895
0.325756788,0.461266696
0.46519345,0.312930763
0.202342093,0.206438765
0.313750893,0.386423171
0.703442335,0.464252114
0.409814894,0.308358669
0.445375174,0.309062541
0.599755883,0.298186213
0.401406795,0.410011768
0.525883615,0.250855744
0.139003977,0.41852203
0.549743295,0.391841918
0.507510543,0.525225282
0.428100765,0.344627678
0.526042879,0.466582149
0.498800218,0.270600915
0.562833548,0.453069389
0.477794826,0.246877804
0.258869529,0.52325052
0.256710976,0.28568688
0.25995326,0.38218531
0.438823104,0.672554553
0.139640972,0.215522528
0.495466709,0.344275475
0.347961545,0.366932392
0.386017263,0.364909619
0.369060099,0.530576408
0.38698706,0.374134213
0.510861695,0.531057596
0.419194102,0.311362356
0.465581119,0.449920058
0.535936654,0.738173366
0.446835011,0.425613284
0.521565139,0.446698248
0.411660194,0.441543877
0.221034914,0.46314615
0.16506207,0.323889881
0.320307612,0.401261389
0.158906117,0.355501086
0.442109108,0.413768083
0.193838924,0.559619486
0.182277322,0.356702179
0.339591622,0.45172742
0.490978479,0.45160073
0.388564438,0.324142218
0.378212929,0.279061049
0.415712655,0.244573683
0.384242147,0.338108659
0.636715591,0.428500861
0.375007272,0.358337611
0.519574761,0.316904783
0.24799411,0.379532129
0.131592616,0.358267903
0.372975767,0.658399224
0.302711874,0.29843387
0.34966749,0.396086872
0.127809927,0.449471205
0.308133423,0.593494713
0.187378168,0.493339926
0.458060145,0.422902942
0.376553446,0.394234687
0.342942417,0.42762965
0.458955884,0.412388206
0.442560524,0.468914747
0.900641024,0.388027072
0.778134465,0.433524579
0.312495381,0.484043092
0.641373098,0.261070579
0.191598594,0.29644981
0.35471046,0.625843406
0.316185445,0.374341488
0.260311455,0.757415354
0.472914875,0.422191352
0.250246346,0.275559992
0.303829551,0.381817579
0.294750929,0.277061552
0.373712778,0.497182816
0.365070105,0.415024042
0.523114681,0.447354674
0.585023105,0.417875201
0.288610816,0.332159877
0.278978467,0.234893292
0.249151692,0.306322545
0.361451775,0.24834609
0.244502038,0.268762976
0.522808194,0.422463834
0.383847177,0.508516848
0.317765057,0.482360661
0.292818397,0.391265035
0.459257722,0.734130502
0.305256635,0.394091249
0.353814811,0.500731945
0.527305901,0.342078716
0.480316222,0.396997005
0.422863156,0.403895438
0.426733762,0.30420211
0.522119224,0.451558113
0.669541001,0.373308301
0.468742877,0.48574093
0.12237519,0.467891991
0.63257587,0.374727458
0.649448991,0.604396343
0.305579275,0.37570861
0.350296259,0.343652368
0.346999168,0.358535498
0.253256798,0.251419634
0.355013311,0.550018132
0.577107191,0.320541054
0.447705567,0.312368512
0.604131997,0.346507341
0.478388011,0.679571092
0.303620666,0.299153835
0.539550066,0.461799502
0.376307517,0.463797808
0.30984512,0.388224244
0.319919229,0.500071645
0.511946261,0.394649625
0.520365953,0.541166127
0.561585069,0.197482109
0.551147223,0.37865597
0.196822569,0.303714693
0.271411508,0.393636167
0.324534893,0.439789385
0.240814239,0.402036399
0.234025702,0.363737434
0.370039761,0.311318725
0.25418216,0.513359547
0.536340714,0.481734663
0.235798478,0.276639938
0.525806904,0.489160478
0.130283505,0.349357665
0.730093956,0.482230335
0.424207687,0.310686469
0.302689075,0.367085099
0.189114958,0.356605381
0.418300867,0.334073544
0.489043891,0.413517416
0.428784102,0.349440843
0.292098641,0.422549486
0.303834498,0.355631858
0.394271851,0.433853269
0.270862043,0.514061928
0.350459635,0.282214165
0.263360351,0.377714872
0.246694356,0.445513487
0.282404929,0.433461964
0.162317947,0.478178799
0.22868979,0.472086191
0.388679653,0.349894613
0.177198231,0.220201939
0.298852295,0.308521688
0.464516312,0.488354504
0.273235917,0.533851802
0.838203609,0.368552685
0.507981241,0.423663676
0.208907947,0.226477325
0.225212663,0.422037542
0.406405151,0.228757128
0.358856767,0.383602083
0.483283281,0.416200221
0.37111187,0.290012717
0.110843167,0.339551777
0.614411235,0.442777127
0.429218084,0.276444882
0.519312024,0.290732443
0.648790002,0.232167974
0.398350954,0.350017041
0.170856014,0.305441141
0.368385345,0.184762672
0.57955724,0.229459375
0.417945683,0.646581054
0.378832579,0.404985458
0.594457865,0.352555215
0.50385648,0.485642135
0.488744378,0.411088556
0.458911598,0.43125087
0.385486603,0.445825458
0.564323425,0.2999641
0.509273171,0.439257294
0.32903862,0.52050072
0.308473229,0.26892361
0.565264702,0.274955302
0.402599096,0.21025461
0.584658802,0.274023443
0.412629902,0.457250655
0.361812234,0.387038022
0.25665018,0.604877293
0.329807818,0.454285771
0.295660108,0.447685748
0.47064352,0.397127628
0.318956494,0.38000828
0.283956081,0.45171383
0.327596366,0.453995317
0.343961328,0.479824811
0.592514396,0.576806307
0.102332108,0.491963267
0.571540654,0.308690786
0.33128947,0.417134047
0.417534769,0.316098511
0.771425188,0.342427939
0.257818341,0.481191307
0.317752272,0.344628662
0.2938748,0.384538174
0.613767385,0.16939871
0.296405971,0.281075895
0.146235123,0.355398774
0.382691592,0.22636795
0.280651569,0.286754251
0.433336049,0.344680816
0.31214875,0.568959653
0.203845873,0.513905048
0.219265312,0.458655804
0.446832597,0.684440434
0.32163915,0.348275363
0.199791044,0.271487981
0.715857744,0.376842231
0.314090669,0.361715794
0.326125741,0.32950145
0.611626029,0.36964035
0.852739871,0.403778374
0.278621763,0.311624616
0.351681709,0.493865728
0.449784845,0.234069049
0.337469429,0.360645264
0.149516001,0.304571718
0.322384894,0.372087657
0.385961205,0.496902227
0.261061341,0.341411769
0.286692619,0.398857772
0.3968243,0.377367228
0.237436205,0.352480114
0.342834234,0.438881874
0.245672479,0.522908568
0.202118888,0.584074616
0.465891093,0.461782515
0.381728888,0.265221596
0.344584078,0.355312169
0.489317358,0.49265942
0.478620559,0.36924085
0.37131235,0.58675468
0.426344782,0.379626453
0.460542828,0.398178697
0.5598616,0.490508676
0.335397571,0.39837712
0.41145727,0.469760805
0.404610455,0.455624223
0.204978496,0.30442512
0.275967687,0.463383973
0.124647424,0.346905798
0.578968167,0.469046205
0.31957823,0.495180041
0.291434616,0.38921085
0.411519706,0.534389257
0.194724858,0.393966377
0.607829273,0.511518598
0.292993814,0.444039792
0.243497282,0.463288605
0.312343329,0.341360599
0.558953404,0.478616357
0.381487608,0.366173774
0.702306211,0.526696801
0.157600582,0.301642984
0.588874698,0.451126426
0.366539538,0.401679337
0.135217845,0.61480248
0.185091436,0.309465706
0.30692941,0.458640605
0.348549783,0.404616952
0.331699222,0.48043558
0.358448386,0.478384972
0.123637803,0.395767868
0.422289461,0.309539199
0.39440465,0.413811266
0.386433363,0.528012156
0.691166997,0.403978497
0.88802278,0.31843698
0.823446512,0.323455006
0.298710465,0.402887285
0.473897874,0.396925867
0.182122648,0.483645022
0.156871006,0.550488174
0.54968065,0.365458995
0.549176335,0.323016584
0.501623213,0.362479776
0.26088196,0.43111372
0.168950707,0.381048054
0.274704278,0.424853235
0.505738676,0.373791069
0.448027074,0.447956443
0.563907385,0.431548089
0.248413056,0.321267843
0.425992668,0.434646368
0.419126153,0.431481093
0.387532711,0.395893633
0.402115881,0.330645859
0.659644246,0.556940854
0.350871444,0.214787349
0.272911221,0.350613415
0.47347948,0.397784442
0.346551597,0.336253405
0.402502894,0.323635995
0.247887284,0.279597461
0.44497183,0.287018955
0.333831608,0.459220141
0.349301517,0.39871341
0.32919842,0.547938883
0.286659032,0.308722764
0.426835835,0.479377329
0.199650228,0.440528184
0.340990424,0.226685375
0.388537049,0.254034817
0.545238376,0.482916653
0.43152681,0.410564512
0.334238648,0.373248369
0.42811662,0.361011297
0.335321039,0.649101555
0.48301813,0.286152095
0.266911149,0.421031594
0.465907842,0.455265164
0.562980831,0.251669854
0.532814741,0.353434741
0.399958253,0.398031145
0.651210606,0.506353617
0.268199384,0.327331066
0.17413798,0.565414727
0.306832343,0.350633353
0.483273894,0.4414244
0.26208967,0.356611788
0.502662718,0.326795638
0.23120825,0.58562851
0.291992605,0.335220963
0.544642568,0.385261565
0.401874781,0.511125803
0.157339245,0.339138359
0.175195456,0.368097007
0.289650679,0.381233782
0.451015055,0.299828947
0.388422281,0.269211203
0.279123813,0.44815442
0.36196059,0.458797574
0.265558749,0.426936477
0.263903946,0.269394964
0.332360864,0.296737403
0.513380408,0.418984592
0.415892959,0.409820288
0.354460001,0.342738003
0.32278949,0.36926809
0.340943038,0.350700617
0.177658826,0.253344774
0.552124619,0.320577025
0.309202671,0.30104053
0.496437877,0.461105078
0.470730394,0.490693867
0.211201549,0.395488083
0.486110836,0.36721912
0.201973602,0.307382822
0.138298303,0.405213475
0.171410739,0.343089908
0.25171876,0.398478568
0.32915175,0.428402662
0.368318588,0.529006422
0.470755935,0.399704009
0.356584609,0.585131049
0.265445709,0.355219781
0.368834108,0.558300078
0.451999754,0.271665066
0.521877289,0.580976367
0.17052415,0.376479894
0.600078225,0.43599993
0.25893712,0.361471653
0.345422804,0.328507274
0.47024858,0.441535652
0.182330489,0.340796173
0.408087373,0.439224005
0.220040619,0.468404621
0.304618657,0.30068332
0.218069509,0.389761388
0.24400571,0.419933408
0.12859723,0.481872976
0.50129652,0.35954085
0.250135481,0.400367796
0.372201085,0.403906643
0.123954244,0.324561298
0.463839203,0.492060214
0.289471626,0.388344496
0.306949019,0.545860887
0.574131012,0.373396873
0.219747543,0.423676372
0.438973367,0.465046853
0.557718277,0.471130282
0.325550705,0.31986019
0.362665355,0.364662588
0.644185662,0.32007134
0.284177214,0.384942621
0.706381202,0.424233705
0.277666569,0.43786931
0.614154816,0.221454218
0.604682446,0.589625835
0.265245855,0.462803602
0.356695771,0.301115394
0.317631543,0.401967555
0.23593989,0.388559818
0.294190049,0.346087396
0.268719971,0.408779621
0.502761126,0.395927429
0.237698317,0.476735532
0.313508153,0.29983592
0.24392207,0.343590111
0.249280959,0.60739857
0.654898942,0.418352842
0.402253449,0.261883378
0.411412358,0.470601261
0.294023424,0.373310983
0.418842554,0.477538884
0.148395374,0.349514782
0.535422146,0.364606857
0.361324161,0.329559952
0.312612772,0.457887441
0.356812716,0.650319636
0.458960176,0.342737228
0.710521579,0.560908794
0.479983836,0.511612058
0.434668839,0.40231505
0.317050934,0.257077247
0.28070125,0.369442582
0.740329862,0.319947779
0.20570007,0.413069963
0.194510996,0.330327779
0.478215337,0.298749715
0.448522568,0.449324787
0.32707575,0.428060263
0.680471361,0.441064239
0.268652439,0.499058008
0.312811643,0.354397714
0.359590232,0.489907026
0.402654558,0.410545796
0.310315907,0.446894467
0.470360279,0.593045175
0.534546256,0.255010724
0.778428376,0.488089681
0.628102541,0.447252333
0.341277868,0.463658005
0.101225108,0.467998177
0.413768411,0.324805319
0.440819979,0.271477491
0.505461454,0.473882377
0.459169835,0.340827554
0.232537955,0.329868734
0.273537338,0.483205616
0.52619797,0.426264673
0.539371967,0.264346898
0.416426063,0.49413982
0.311386019,0.525266588
0.572800338,0.409936756
0.338573426,0.217219293
0.189335436,0.41491124
0.337986618,0.24922049
0.257661939,0.233527601
0.314831048,0.34652105
0.367178679,0.348757029
0.52216804,0.305339068
0.404612839,0.276744962
0.434653789,0.29147476
0.398728609,0.396401584
0.355381042,0.258511156
0.241983876,0.511799634
0.493799031,0.379401177
0.490439951,0.415272206
0.569482207,0.367307186
0.478173256,0.295304745
0.273797542,0.27034542
0.34749797,0.302084953
0.217802733,0.274253309
0.233308092,0.483539283
0.4135741,0.313871861
0.395432413,0.54181844
0.370017767,0.466119826
0.303803384,0.461417645
0.335120797,0.532444894
0.269059002,0.387819767
0.442735851,0.30952698
0.249510407,0.387571007
0.229141116,0.465183556
0.266055971,0.410128683
0.27818808,0.537988663
0.453072518,0.251814961
0.328111231,0.38303107
0.290650189,0.295673311
0.237570733,0.486838937
0.641401052,0.407098472
0.305952638,0.394617558
0.427287579,0.545694709
0.411678106,0.452127099
0.268882275,0.415949225
0.205847412,0.482392639
0.412691206,0.321912408
0.526892304,0.357593596
0.24446629,0.438760072
0.341468275,0.412279278
0.240125954,0.309861153
0.69144249,0.495684475
0.289416313,0.328797132
0.395025611,0.395128131
0.608666122,0.389127821
0.53082943,0.294385523
0.408399224,0.268253714
0.227817148,0.365696907
0.339536905,0.595893145
0.36589697,0.413232654
0.451303691,0.401836008
0.326060742,0.290481329
0.264374495,0.420788348
0.140870929,0.376029313
0.391585648,0.250619531
0.299972415,0.356467158
0.508471012,0.369321764
0.526371837,0.365942836
0.582796931,0.415729642
0.288943022,0.544177771
0.386772007,0.440601259
0.351174444,0.379904777
0.275177091,0.340034813
0.384043455,0.447002828
0.543434858,0.358471245
0.520996749,0.29294461
0.227664918,0.359633625
0.083274469,0.670756996
0.441680193,0.301791131
0.582675219,0.258202165
0.276633024,0.28998825
0.453045398,0.377840519
0.51496613,0.452440202
0.384396553,0.551926792
0.325596958,0.406475306
0.494449079,0.267991304
0.444035947,0.47678262
0.262532294,0.384056479
0.224985227,0.39584291
0.570407271,0.458798885
0.273519576,0.302658826
0.34878549,0.383504719
0.181662172,0.386189222
0.345246494,0.268050909
0.426741183,0.47654295
0.308107495,0.429022074
0.457942665,0.404610217
0.432694376,0.591922641
0.438148379,0.483283013
0.220862597,0.394572675
0.455929309,0.425376534
0.288588107,0.329408288
0.289239407,0.445435852
0.377216935,0.384750575
0.396144807,0.515658081
0.116888076,0.439266354
0.190419286,0.423114479
0.263267934,0.467808723
0.280020326,0.326677591
0.206953138,0.292891443
0.428767264,0.428041846
0.319018424,0.397514045
0.317204773,0.419947177
0.274793506,0.312445432
0.187802404,0.323730022
0.081971854,0.385285854
0.517252743,0.438374817
0.456019819,0.378276676
0.240413427,0.34423098
0.337018132,0.278332323
0.478365183,0.352116406
0.239283174,0.385259092
0.491741389,0.414302051
0.558901966,0.494838893
0.622485161,0.265906036
0.232646361,0.418587059
0.391664535,0.468909442
0.237583488,0.335672975
0.194429502,0.303234726
0.231981143,0.390347272
0.421834797,0.488014936
0.387859404,0.316579014
0.502895236,0.279649496
0.314524412,0.378796011
0.296270788,0.609948516
0.092874914,0.26127407
0.306106985,0.272901267
0.146214515,0.425416529
0.467585683,0.383630216
0.211246267,0.397385895
0.249930993,0.46768719
0.26129961,0.436861902
0.242758721,0.270227343
0.599699855,0.396578103
0.38713783,0.393235683
0.262449265,0.405053169
0.281017661,0.435725152
0.442667127,0.503425479
0.356050164,0.391711891
0.482197821,0.433512509
1.056604624,0.670461953
0.244815081,0.41037783
0.590234935,0.34181422
0.456189811,0.357387066
0.333269179,0.481223643
0.499700993,0.331258237
0.27936691,0.333405286
0.322301894,0.300092936
0.34924829,0.282560974
0.384554297,0.359457225
0.379057318,0.644197762
0.28561601,0.434965223
0.254217029,0.550930202
0.205195516,0.450752109
0.110110447,0.203031704
0.288813978,0.53495723
0.165691361,0.340761662
0.067509621,0.386122912
0.181316197,0.384058207
0.055197373,0.414848626
0.06399899,0.322166443
0.071777523,0.42912212
0.254883915,0.322342336
0.108793668,0.418684632
0.172834173,0.429067373
0.087008424,0.366562128
0.102295622,0.371565968
0.175503835,0.332422912
0.123098701,0.383040518
0.16647473,0.394062817
0.080241829,0.315132886
0.11104966,0.337637484
0.260640442,0.38378033
0.090163589,0.528509378
0.139335006,0.357483149
0.113474712,0.480499983
0.122545213,0.351369381
0.055805635,0.267446965
0.127925426,0.286637723
0.210793227,0.35443306
0.118122831,0.556558549
0.046721995,0.390742064
0.085511394,0.240752235
0.07829345,0.359637648
0.121588349,0.462770313
0.025644716,0.422764987
0.165240437,0.332357824
0.044373423,0.256998777
0.04795289,0.517855644
0.188791543,0.329069763
0.133610487,0.276431531
0.181176394,0.397173554
0.59450084,0.466531277
0.229167327,0.356164515
0.10056255,0.248089552
0.332489818,0.475178868
0.044401102,0.539576471
0.136763781,0.335011095
0.151393846,0.449557126
0.056489337,0.23742564
0.420660794,0.440548122
0.089691721,0.207462505
0.103912041,0.405524164
0.051461421,0.398138583
0.192141593,0.619775653
0.03946789,0.460360914
0.219177753,0.22066617
0.161286443,0.578634143
0.16585736,0.236589819
0.07681904,0.472576916
0.163080364,0.34591803
0.245768815,0.320136964
0.020277059,0.520932615
0.07321661,0.562274218
0.254585683,0.577734947
0.192336932,0.536122739
0.200476944,0.275157452
0.197110862,0.383422315
0.025833394,0.294868946
0.21408236,0.529607475
0.10572923,0.320376813
0.162503839,0.472383261
0.094977759,0.265840411
0.088649631,0.312288225
0.096221879,0.43475461
0.112937495,0.223276913
0.042110629,0.330096871
0.020461289,0.449452043
0.094050847,0.370879352
0.138948098,0.60262388
0.208298832,0.373134434
0.032749511,0.318955243
0.109230824,0.353047997
0.257690966,0.526979446
0.12702015,0.355827093
0.082272701,0.366322279
0.028398281,0.38100487
0.081072628,0.222657412
0.244644895,0.293364376
0.033529475,0.434622467
0.060107287,0.5916031
0.149312034,0.320729345
0.019800633,0.428080022
0.046972226,0.275851548
0.024756789,0.33626008
0.284831494,0.416857332
0.162189648,0.227547318
0.115665689,0.371418625
0.137226403,0.473602891
0.146573797,0.372345686
0.347895443,0.413151056
0.227001145,0.546683848
0.338709086,0.347875416
0.090525143,0.433835149
0.15731439,0.466154099
0.080236405,0.370776594
0.135810301,0.334915459
0.051937185,0.380404562
0.227132246,0.23361896
0.182609335,0.421616733
0.050400488,0.56214118
0.176096141,0.426552027
0.021039069,0.544268012
0.240032136,0.41275382
0.086487263,0.476846486
0.174234331,0.569933057
0.092588723,0.452211827
0.075751781,0.402421474
0.117347561,0.329811931
0.100305602,0.368573606
0.034622528,0.19500345
0.089689255,0.297116071
0.168592155,0.374905229
0.039927252,0.430578887
0.270633757,0.487978309
0.024733659,0.516685963
0.089868091,0.345927864
0.255335957,0.373343706
0.036506951,0.369053841
0.09991692,0.390890479
0.04209068,0.381333739
0.045795925,0.466117263
0.078011759,0.35071224
0.008122018,0.350648373
0.042839773,0.481354713
0.07937894,0.518147349
0.104491584,0.38928932
0.294457972,0.382903218
0.038295388,0.29875353
0.091349103,0.329846263
0.272110999,0.486884326
0.161718026,0.564583898
0.085431129,0.426687539
0.101747744,0.400355041
0.115468889,0.440624535
0.088289149,0.436708689
0.161457896,0.318694144
0.217679441,0.374306232
0.067434579,0.199374676
0.264788628,0.446569979
0.104365394,0.50610131
0.051486816,0.464743823
0.223606944,0.32021001
0.078418985,0.201021746
0.113109037,0.462875456
0.12711516,0.505036056
0.189162582,0.267727733
0.209960267,0.38435936
0.056500286,0.583389282
0.154779479,0.362809598
0.067246988,0.358624309
0.080801368,0.394111753
0.137488201,0.368382573
0.169549614,0.35983637
0.129181191,0.617256165
0.245649487,0.36593011
0.12025106,0.344261616
0.168787807,0.248006389
0.036380067,0.604605019
0.115035802,0.455831587
0.240526602,0.247185573
0.070786364,0.420140743
0.228578076,0.233653933
0.070513502,0.345591217
0.026275704,0.439311087
0.02431277,0.375888169
0.042180199,0.308623523
0.367337525,0.602969706
0.307597488,0.436632901
0.23207663,0.326186001
0.211641684,0.25954479
0.14731428,0.468208879
0.126023725,0.38822481
0.034394398,0.47007972
0.110714853,0.343840867
0.065218471,0.327854604
0.044922661,0.338857949
0.033989117,0.245926425
0.213200569,0.436149299
0.151148319,0.358928859
0.029559202,0.342101157
0.378365159,0.378800482
0.084992178,0.412641406
0.1241109,0.431275934
0.194062054,0.503116608
0.256795108,0.523748577
0.074249841,0.299135029
0.090995237,0.399689704
0.129491463,0.379760802
0.075732499,0.48859778
0.090226352,0.273327887
0.056427006,0.383583546
0.06657479,0.351795554
0.054855153,0.43843171
0.174050778,0.289758384
0.065212041,0.372801423
0.337121546,0.234056354
0.216817334,0.334164321
0.252230555,0.172388434
0.16941826,0.447474271
0.196016714,0.31123209
0.039384004,0.510770082
0.054968201,0.355028719
0.035325132,0.380299419
0.143223837,0.448621511
0.14451313,0.398021519
0.170395419,0.254775912
0.088639334,0.306898266
0.143796906,0.429370552
0.032091595,0.483204067
0.045120157,0.291878223
0.031353839,0.537746191
0.039934929,0.312529981
0.179949,0.439309269
0.122989669,0.454807341
0.254628479,0.342176706
0.058820598,0.381528586
0.186394483,0.338766634
0.244783878,0.330962181
0.065129459,0.470190078
0.269858241,0.349137604
0.169906825,0.298326701
0.052254148,0.377491206
0.178513721,0.393935025
0.183810949,0.213851154
0.152255714,0.383805245
0.072043113,0.286835939
0.163556829,0.401919752
0.066395856,0.357255131
0.090787046,0.410117269
0.097505614,0.465506941
0.16060479,0.280439734
0.118717015,0.444736958
0.214178354,0.385345817
0.133334607,0.586391449
0.065864965,0.256688237
0.158990517,0.474416852
0.133754462,0.472469509
0.235045746,0.411064565
0.220253199,0.251484215
0.088390328,0.362941325
0.091763742,0.330750734
0.048079289,0.383677363
0.012899425,0.3032763
0.202469975,0.453388274
0.019618254,0.452941269
0.09078835,0.449012399
0.206929356,0.29313913
0.160961539,0.505815804
0.089886859,0.434312701
0.186192364,0.33370164
0.069185406,0.542634249
0.088653624,0.342672795
0.296013892,0.460923344
0.153133899,0.594081819
0.170406863,0.441498101
0.156915724,0.34603861
0.097656153,0.375116408
0.16075781,0.436471283
0.343476474,0.493013322
0.166452631,0.342512667
0.127904415,0.507249534
0.12297608,0.241936833
0.067100011,0.382802367
0.165431276,0.353094161
0.305116802,0.569375157
0.180155218,0.425957412
0.340357363,0.620558679
0.170142949,0.46265614
0.082672596,0.397931397
0.152809203,0.415305287
0.201052383,0.449567765
0.125516549,0.474618465
0.156625003,0.408847719
0.069840088,0.293128669
0.045616385,0.416743308
0.0891141,0.33645463
0.264739394,0.48582536
0.156385139,0.270831257
0.136164814,0.436505765
0.166373804,0.398593336
0.195392668,0.585470557
0.034276891,0.429808438
0.295342445,0.616090953
0.188400656,0.216362685
0.178773969,0.364677846
0.028636422,0.586066425
0.183288246,0.50609076
0.053112872,0.303055048
0.216994777,0.339186281
0.068369105,0.306407273
0.118609026,0.461336106
0.209989935,0.419536829
0.10136909,0.572433472
0.123490125,0.373153925
0.078990556,0.371543467
0.074550621,0.413574696
0.11889261,0.390507638
0.405025601,0.56041044
0.179132625,0.348133326
0.046978593,0.466180116
0.049964026,0.28323862
0.042933024,0.371404052
0.091940284,0.400665253
0.029426014,0.392161548
0.295832038,0.335518628
0.075376295,0.47873649
0.093107246,0.223955542
0.126123771,0.445606947
0.299219936,0.569238782
0.07185933,0.361860484
0.042002998,0.537162542
0.073680423,0.283122301
0.043109868,0.331814319
0.049655244,0.217197895
0.073387071,0.334664404
0.191316783,0.404170036
0.035716757,0.396329999
0.091139771,0.279150814
0.117389739,0.457324445
0.148301914,0.368085444
0.175986499,0.495848238
0.322295368,0.474632591
0.065979578,0.606464982
0.163956761,0.358502954
0.051537734,0.302031219
0.109557278,0.381432235
0.050637357,0.400426149
0.038779605,0.459564239
0.331847578,0.625164628
0.156259567,0.305692792
0.074847773,0.435285956
0.197839513,0.384598404
0.064376101,0.470781028
0.061989699,0.328077137
0.101194963,0.555517435
0.133566618,0.357673466
0.167204648,0.370389849
0.046367574,0.319098949
0.149437696,0.314569652
0.168080509,0.383580923
0.112077795,0.54542923
0.357165694,0.261315167
0.058972977,0.402947128
0.151183367,0.360347658
0.366553992,0.714630485
0.215062708,0.298527062
0.093736842,0.247526124
0.148051977,0.261639953
0.022671144,0.288764656
0.055767719,0.289994538
0.189589947,0.469136894
0.16574347,0.530584157
0.454192817,0.320791185
0.464737147,0.635173917
0.200121552,0.360173464
0.074426949,0.56852603
0.138864562,0.4431822
0.082692541,0.447680116
0.049435768,0.335940599
0.026272081,0.495141923
0.032732937,0.418391645
0.068236902,0.570173621
0.135128081,0.363835961
0.165671468,0.35991165
0.31820184,0.409169436
0.395245552,0.335028291
0.136569858,0.540349364
0.216566503,0.263914585
0.160724401,0.295392245
0.262436986,0.290148556
0.192440778,0.522530675
0.15917863,0.350957692
0.088059686,0.316061229
0.082947761,0.442018598
0.144915387,0.253408045
0.076374061,0.323406339
0.112359539,0.350318074
0.086949244,0.294777423
0.051374026,0.393913567
0.069563292,0.421397924
0.020656889,0.323414057
0.124107525,0.40687874
0.174111336,0.279843897
0.055550352,0.35089165
0.095561609,0.564904451
0.133076176,0.317056209
0.128892571,0.448035002
0.04757598,0.455253184
0.060207628,0.557542384
0.065388039,0.349659175
0.138698876,0.413701057
0.172117263,0.591242075
0.248923287,0.439493448
0.082554683,0.27526167
0.152617097,0.312527388
0.017000753,0.399208069
0.057385147,0.326164007
0.062369667,0.528405845
0.160756528,0.368418038
0.065210618,0.388386697
0.088913009,0.417517334
0.12849772,0.466355175
0.143276945,0.33030647
0.232653961,0.493379533
0.459266037,0.478209674
0.03526371,0.20764637
0.152400792,0.359993696
0.08444944,0.480915546
0.142693579,0.380465567
0.098176479,0.381838381
0.114678785,0.38092047
0.097465806,0.444868565
0.086727969,0.377904117
0.297155917,0.467003584
0.162784368,0.592496932
0.293698311,0.87953192
0.033718213,0.31720385
0.241587013,0.46437934
0.170486718,0.565875232
0.047696684,0.316788465
0.081096962,0.670562148
0.378762931,0.412301213
0.124535702,0.504158139
0.097530298,0.301205426
0.058943685,0.444369763
0.103398398,0.383200139
0.078604549,0.258451343
0.035249628,0.531048417
0.266215354,0.487537354
0.183765709,0.329829007
0.023355907,0.321508795
0.224061653,0.532853723
0.046030216,0.450861692
0.159233391,0.450211346
0.285706371,0.212511405
0.175778449,0.30991289
0.030871607,0.446689516
0.019905046,0.472647876
0.029134464,0.377769619
0.065227956,0.579608142
0.097315237,0.40023309
0.04183824,0.397855818
0.239401862,0.419048697
0.131003752,0.489042342
0.206859946,0.243953824
0.031745881,0.287377656
0.19930914,0.320371389
0.077084213,0.341810048
0.224167079,0.355009437
0.128902048,0.299055219
0.084410474,0.383578986
0.361669809,0.398297697
0.117069237,0.402933419
0.148017555,0.290962219
0.146574989,0.312773257
0.0465528,0.527925313
0.100137413,0.391139418
0.259475946,0.422822565
0.15924339,0.413787037
0.076779619,0.240290582
0.177574694,0.407613337
0.035733659,0.420753777
0.135907829,0.328486592
0.186252922,0.258897483
0.281920701,0.438866675
0.19626236,0.275921345
0.040165536,0.186622322
0.216998979,0.474677712
0.106740005,0.359474182
0.006204914,0.339251548
0.162048832,0.404070705
0.064256273,0.438525051
0.087920174,0.396939725
0.069162577,0.403367996
0.341928273,0.472682208
0.086309075,0.324057668
0.092322707,0.356163263
0.133163899,0.33012718
0.160097554,0.467818081
0.23792702,0.341570646
0.14616698,0.401384383
0.298372328,0.373289317
0.134701639,0.303849757
0.084372617,0.377752721
0.025034141,0.399773717
0.036661241,0.462590516
0.028394854,0.366884738
0.077748589,0.497408271
0.041608579,0.560760558
0.037458923,0.352362841
0.184056401,0.356678754
0.039611667,0.293260723
0.134389132,0.354576141
0.283899486,0.264068425
0.234485954,0.57473588
0.587790668,0.576687932
0.059260868,0.378194422
0.059161659,0.463294446
0.08372125,0.31566447
0.246407151,0.314067692
0.11520502,0.476295263
0.019129246,0.355378181
0.026370101,0.393446863
0.042262577,0.35706386
0.133123457,0.659875691
0.167564839,0.447923273
0.193455502,0.339649379
0.085939594,0.379422784
0.178829402,0.366373509
0.187253237,0.503826618
0.231977612,0.30126065
0.259577215,0.493519485
0.023188183,0.499082804
0.23183915,0.320728242
0.091911763,0.474399805
0.027717868,0.471540749
0.088999972,0.545829833
0.067990214,0.308163404
0.303727329,0.40490216
0.217166007,0.477739513
0.188082337,0.385612607
0.360811055,0.525767684
0.022974554,0.411925673
0.043153092,0.467019796
0.208183318,0.503935337
0.043620989,0.430979133
0.236711159,0.777071655
0.262302935,0.636274517
0.55249387,0.346848428
0.063025028,0.689913809
0.057849843,0.554238677
0.131307423,0.304358393
0.018320374,0.39441663
0.132820174,0.439818799
0.204868212,0.357078493
0.083230183,0.335529119
0.107299536,0.376883656
0.138323903,0.305859715
0.188405842,0.362964213
0.038780741,0.296282053
0.113160491,0.484155118
0.03510835,0.514121354
0.141352803,0.501849353
0.070055559,0.403129578
0.13564463,0.425104439
0.016188417,0.449431062
0.102322191,0.360266685
0.273948371,0.426381737
0.030997921,0.326122344
0.106531404,0.38314873
0.073028147,0.282815814
0.184749603,0.316394627
0.346829921,0.454130828
0.121328548,0.441588014
0.090147212,0.587087274
0.160725087,0.433855802
0.087904721,0.250312001
0.062035173,0.272430748
0.076702878,0.411297739
0.081695803,0.339508802
0.108435005,0.332937926
0.280539989,0.301069677
0.140871376,0.472304165
0.156599432,0.319773346
0.050866351,0.297979563
0.030142277,0.308428705
0.019840159,0.469090849
0.081385702,0.375666708
0.214165092,0.327260256
0.07268595,0.584549844
0.228814572,0.454584181
0.231350392,0.491112411
0.210003272,0.476604044
0.066832513,0.378225595
0.157397836,0.401877791
0.10309948,0.425100029
0.051292725,0.254443467
0.070024185,0.483660668
0.029501121,0.492255151
0.176933587,0.3602162
0.110265248,0.476730466
0.058535192,0.370968431
0.08977744,0.374250799
0.062019486,0.35672757
0.074404418,0.372073054
0.102667823,0.294573158
0.107749566,0.247928545
0.210462689,0.356216341
0.085142389,0.3052558
0.068661369,0.616474688
0.24844496,0.449797839
0.047422476,0.49913463
0.246401608,0.461250216
0.030466165,0.324764132
0.155194446,0.354450554
0.110861875,0.576141119
0.174217761,0.55553335
0.128303617,0.280387193
0.147352099,0.342028439
0.115539409,0.385749578
0.152408898,0.349657387
0.413300395,0.487327814
0.149738133,0.381523818
0.095226526,0.2870543
0.122146428,0.613492608
0.052269172,0.487805456
0.10616225,0.446270883
0.0575317,0.386561841
0.149875864,0.39963913
0.124506265,0.468171686
0.185349226,0.381747186
0.14184688,0.229969636
0.077954456,0.321948618
0.141823113,0.478435159
0.11691042,0.62864989
0.086472638,0.280673116
0.342463851,0.524504066
0.039566152,0.453337044
0.072304934,0.474691838
0.034710072,0.333755106
0.230860636,0.465748668
0.059206992,0.446820945
0.088253856,0.297848761
0.111370899,0.316536099
0.078527436,0.432378083
0.286593705,0.331011593
0.046759449,0.479106396
0.317843974,0.334790647
0.150378674,0.223260224
0.167610765,0.374742657
0.048347395,0.377280176
0.08316724,0.59825474
0.139855117,0.397070795
0.077618003,0.369380206
0.328816265,0.483831048
0.226134419,0.426243067
0.090856589,0.349524826
0.138770029,0.36685437
0.119852759,0.566958964
0.078650713,0.606768191
0.057243243,0.452503294
0.191174015,0.372108251
0.023471454,0.512170017
0.042640612,0.539412856
0.008200745,0.622289956
0.124636665,0.316568404
0.139223605,0.478179663
0.202308446,0.749173164
0.082240269,0.492251188
0.065404683,0.277822852
0.024540124,0.447830796
0.171708539,0.273184538
0.342344761,0.662892401
0.112996697,0.635499716
0.19086881,0.535780907
0.090346187,0.4570252
0.451505661,0.552956164
0.02365417,0.394033402
0.155274555,0.362087458
0.036707677,0.416698635
0.05539621,0.508277476
0.0486333,0.346706688
0.209912717,0.285058796
0.185718477,0.400270164
0.060883902,0.383954734
0.202525467,0.554268599
0.057528548,0.377161264
0.144485533,0.614489377
0.155236512,0.337693721
0.141082942,0.40344128
0.090039514,0.369374782
0.059479497,0.404576302
0.149145618,0.655854344
0.159869581,0.384015739
0.190265417,0.499632835
0.082968779,0.314244688
0.17992188,0.58147043
0.011984686,0.360924959
0.136145353,0.35070771
0.049697671,0.499626815
0.160615295,0.434398323
0.125664353,0.376523107
0.076308578,0.602605939
0.465414613,0.400736481
0.129841223,0.513673782
0.04845348,0.373904169
0.011063024,0.468422562
0.124438167,0.279074907
0.243061438,0.401064962
0.121482618,0.396634459
0.012459693,0.415878654
0.191895872,0.495683342
0.050615959,0.465085685
0.057663634,0.183478817
0.048448458,0.44261992
0.044211261,0.428529024
0.187689275,0.469313294
0.090641096,0.388474643
0.079064265,0.514654696
0.022625361,0.343648285
0.081722811,0.493610412
0.147244677,0.55954808
0.103669181,0.433966547
0.23220019,0.283813149
0.051462095,0.331992686
0.038240362,0.225524783
0.042902797,0.575543642
0.148951024,0.390529394
0.107406825,0.418878049
0.114593722,0.665676951
0.299267113,0.517770946
0.128327563,0.299245805
0.023700975,0.393027425
0.182113394,0.617625654
0.102353245,0.558680713
0.107297346,0.553032398
0.067694664,0.5863626
0.033965684,0.434904009
0.121015854,0.432103842
0.024462098,0.33315745
0.169981956,0.454066962
0.183871791,0.550088048
0.199433997,0.258541316
0.046679385,0.521204829
0.053085968,0.519507766
0.221732646,0.34887588
0.01064429,0.52240634
0.315698236,0.258507848
0.019278931,0.340540528
0.058966599,0.351301432
0.050184906,0.429718584
0.076138437,0.293301225
0.052068744,0.315161794
0.173725158,0.459458441
0.101093382,0.298206627
0.192523465,0.375204921
0.185980156,0.317155689
0.019574761,0.458446622
0.033884596,0.396864414
0.070597194,0.474150389
0.120270953,0.431442469
0.211544424,0.386311173
0.10223496,0.531485021
0.211644575,0.270392478
0.098439105,0.471974373
0.184838176,0.393673569
0.082187846,0.394970328
0.168504477,0.284211487
0.116376691,0.459917009
0.119272903,0.346227854
0.137727216,0.272529781
0.148012727,0.536742389
0.190429658,0.447471321
0.225231349,0.386115372
0.258909404,0.309028864
0.26353097,0.396797925
0.020495612,0.315781772
0.115221784,0.294266582
0.296849132,0.416845083
0.233259112,0.2766397
0.106786348,0.524085104
0.02639816,0.542144239
0.038332283,0.319774032
0.057550039,0.703734934
0.441385299,0.523966014
0.096404947,0.373796761
0.09321107,0.308175355
0.105366677,0.374551892
0.118032955,0.495595992
0.097911395,0.323188543
0.058560319,0.605694056
0.09383107,0.419705212
0.056799911,0.416695058
0.107599609,0.372254282
0.247865334,0.324647069
0.226735681,0.441254139
0.152801648,0.507310033
0.037719034,0.691000521
0.06041047,0.375160098
0.125904664,0.329810262
0.034760661,0.557199836
0.048088126,0.37431109
0.065819636,0.489063889
0.180913091,0.580209613
0.020512465,0.503966153
0.111811176,0.390719891
0.030078128,0.406699657
0.148807943,0.518625379
0.216813892,0.44082731
0.148981407,0.310170889
0.129072696,0.268589526
0.016286142,0.431521684
0.023659762,0.411565006
0.28480196,0.480126858
0.114377186,0.280842721
0.279245049,0.557629645
0.107273698,0.812678933
0.153507069,0.410614848
0.234817967,0.507409275
0.01430246,0.378433496
0.061948821,0.360809684
0.186562628,0.350633174
0.075771555,0.345923811
0.131131053,0.565481901
0.113913052,0.606436729
0.171266884,0.438547254
0.201886401,0.363633394
0.186572254,0.401050419
0.106387302,0.449167877
0.198520988,0.334666193
0.168324336,0.404830903
0.065383345,0.545355558
0.069216385,0.289593458
0.128637314,0.389316261
0.069175467,0.529280066
0.221188903,0.518021166
0.246536225,0.531421483
0.015691593,0.613385975
0.037737943,0.477570981
0.076616868,0.376207411
0.138801575,0.204046294
0.062690578,0.275311679
0.086532146,0.471340477
0.113588654,0.375806928
0.09917175,0.63377434
0.076661393,0.35069856
0.07792908,0.484095901
0.040880769,0.301266789
0.180653289,0.45962435
0.178822368,0.324068218
0.104147851,0.505362689
0.213421434,0.322994262
0.139105752,0.494318157
0.116102308,0.386116743
0.369603217,0.389062732
0.030732093,0.507580996
0.144869611,0.566798747
0.031483695,0.310217559
0.119497739,0.467326909
0.07445889,0.540448725
0.087201521,0.449457616
0.042991735,0.545498073
0.051722601,0.485767365
0.05916927,0.297788143
0.134885758,0.534966707
0.030066578,0.412517577
0.033128373,0.207113355
0.286010981,0.55026412
0.106587864,0.293516338
0.196551591,0.334937811
0.26889953,0.295647442
0.11184071,0.682842851
0.211495012,0.320014238
0.142668292,0.277467072
0.05820886,0.487401515
0.020632358,0.457870126
0.363074392,0.513547122
0.158796772,0.426845104
0.178443134,0.365093648
0.04626181,0.526009798
0.072540939,0.662457108
0.187968731,0.462798774
0.241951853,0.468509078
0.090221822,0.45610714
0.105783798,0.310510933
0.122547716,0.376960009
0.02949924,0.39613989
0.239879176,0.393060535
0.071100384,0.322180867
0.069258511,0.292962998
0.063735142,0.316885889
0.119521961,0.191183269
0.111612529,0.588215232
0.054358013,0.721231401
0.178295329,0.416133285
0.039757349,0.492778182
0.094511203,0.413983285
0.019388679,0.429356694
0.073186003,0.51857084
0.078409277,0.362642109
0.046433475,0.477916181
0.141915679,0.424621135
0.04476041,0.654285312
0.074385762,0.419618011
0.091179937,0.557573378
0.109623358,0.390016139
0.157693684,0.582550287
0.075014532,0.536419809
0.146232158,0.353870481
0.018420054,0.390506327
0.062162057,0.559164166
0.033126876,0.535240829
0.149346918,0.475929588
0.084826656,0.310412198
0.107177086,0.380495876
0.116724208,0.657376409
0.086944968,0.450375795
0.139842406,0.460166156
0.246532783,0.511198163
0.099768005,0.571896017
0.167838335,0.675821483
0.071584329,0.457395732
0.290497154,0.471650958
0.162810385,0.514250696
0.201307938,0.584746242
0.07421203,0.406402916
0.205875114,0.470497072
0.031467304,0.370909899
0.101647891,0.313557595
0.08024919,0.430492729
0.110599957,0.515533209
0.10873872,0.481548995
0.145722717,0.439948976
0.11345347,0.764535725
0.052661233,0.493461788
0.019302398,0.593416095
0.022736199,0.582905173
0.236059397,0.422064483
0.103475727,0.410118043
0.098089486,0.306424916
0.093686029,0.530566931
0.108606011,0.322840035
0.124339499,0.436738282
0.044416849,0.425773859
0.077017993,0.637258589
0.193218291,0.529577017
0.212873802,0.545247316
0.260835618,0.538762748
0.18141,0.45514676
0.063518018,0.26339972
0.058157943,0.30480811
0.150809139,0.432957381
0.159779653,0.463931501
0.140060231,0.481393993
0.096688539,0.426329464
0.085355833,0.400048316
0.286964267,0.645670295
0.03755416,0.507693112
0.027435148,0.327139556
0.147828788,0.354332268
0.082232065,0.407557368
0.02528842,0.296638608
0.062407948,0.460758924
0.068707705,0.405353099
0.086746566,0.427827418
0.019211754,0.534296691
0.145514429,0.509935975
0.096461095,0.346847802
0.115719691,0.680784583
0.200340614,0.415126681
0.04547083,0.330282688
0.199072957,0.408976048
0.050050668,0.483860165
0.168791458,0.438045204
0.1015222,0.604061842
0.199391842,0.449207097
0.050321929,0.340086371
0.067556456,0.349630564
0.092424609,0.448760599
0.300743341,0.25365904
0.0738919,0.369280159
0.051259864,0.585650504
0.12582244,0.399201363
0.195638463,0.535304606
0.045309842,0.429580092
0.173445776,0.517673433
0.25263679,0.436686456
0.050243668,0.674797714
0.10337016,0.439851403
0.149339333,0.427548766
0.038123846,0.50240159
0.171297729,0.504536092
0.091613241,0.51071012
0.061059196,0.50535351
0.070841379,0.458375633
0.087386817,0.561996877
0.056264564,0.508908033
0.061460502,0.593587637
0.131002843,0.456619322
0.294880748,0.372416347
0.277476192,0.364865392
0.181329623,0.525055349
0.107484415,0.217540801
0.402679384,0.802863598
0.025693199,0.261747897
0.092702672,0.712133825
0.160913751,0.370255321
0.135091603,0.496308357
0.073723331,0.563386858
0.015507978,0.437096328
0.094510168,0.43373543
0.190309063,0.458213866
0.071522519,0.431063533
0.118590578,0.434176326
0.078740165,0.349030226
0.165645748,0.299313217
0.061514538,0.49132055
0.099876463,0.334052175
0.063130744,0.268579602
0.242706656,0.463906795
0.107579306,0.366719842
0.37573114,0.515076876
0.176840067,0.599251628
0.020845404,0.372403681
0.124179587,0.273724228
0.063081294,0.327516407
0.119766884,0.432380974
0.084812701,0.4488011
0.200908318,0.727044404
0.107004277,0.603693128
0.043179717,0.457213819
0.136709824,0.599045277
0.048942693,0.404400885
0.188743621,0.348152965
0.06302806,0.526423275
0.210647643,0.391950428
0.1173902,0.302374601
0.079862379,0.440061778
0.337183386,0.458139539
0.031425156,0.526476622
0.155486718,0.503173888
0.024462014,0.295748711